title,description,animal_type,breed,units,avg_weight_kg,avg_age_years,price,price_unit,is_certified,health_certificates,location_city,location_department,status,cover_image_url,documents
AFTOGAN 2 ML - Bovinos,"Producto/insumo pecuario de datos abiertos. Clase: Vacuna. Presentación: Frascos por 10, 25 y 50 dosis.. Especie destino: Bovinos. Fuente: Datos_Abiertos_Animales_de_Pro_20260515.",bovino,Bovinos,1,,,0,total,true,Datos abiertos ICA,Colombia,Colombia,active,https://images.unsplash.com/photo-1516467508483-a7212febe31a?w=800&q=80,[]
AFTOGAN 2 ML - Bufálos,"Producto/insumo pecuario de datos abiertos. Clase: Vacuna. Presentación: Frascos por 10, 25 y 50 dosis.. Especie destino: Bufálos. Fuente: Datos_Abiertos_Animales_de_Pro_20260515.",bovino,Bufálos,1,,,0,total,true,Datos abiertos ICA,Colombia,Colombia,active,https://images.unsplash.com/photo-1516467508483-a7212febe31a?w=800&q=80,[]
AFTOGAN RABIA 2ML - Bovinos,"Producto/insumo pecuario de datos abiertos. Clase: Vacuna. Presentación: Frascos por 10, 25 y 50 dosis.. Especie destino: Bovinos. Fuente: Datos_Abiertos_Animales_de_Pro_20260515.",bovino,Bovinos,1,,,0,total,true,Datos abiertos ICA,Colombia,Colombia,active,https://images.unsplash.com/photo-1516467508483-a7212febe31a?w=800&q=80,[]
AFTOGAN RABIA 2ML - Búfalos,"Producto/insumo pecuario de datos abiertos. Clase: Vacuna. Presentación: Frascos por 10, 25 y 50 dosis.. Especie destino: Búfalos. Fuente: Datos_Abiertos_Animales_de_Pro_20260515.",bovino,Búfalos,1,,,0,total,true,Datos abiertos ICA,Colombia,Colombia,active,https://images.unsplash.com/photo-1516467508483-a7212febe31a?w=800&q=80,[]
VACUNA TRIPLE HA - Bovinos,"Producto/insumo pecuario de datos abiertos. Clase: Vacuna. Presentación: Frascos por 20, 50 y dosis.. Especie destino: Bovinos. Fuente: Datos_Abiertos_Animales_de_Pro_20260515.",bovino,Bovinos,1,,,0,total,true,Datos abiertos ICA,Colombia,Colombia,active,https://images.unsplash.com/photo-1516467508483-a7212febe31a?w=800&q=80,[]
VACUNA TRIPLE HA - Ovinos,"Producto/insumo pecuario de datos abiertos. Clase: Vacuna. Presentación: Frascos por 20, 50 y dosis.. Especie destino: Ovinos. Fuente: Datos_Abiertos_Animales_de_Pro_20260515.",ovino,Ovinos,1,,,0,total,true,Datos abiertos ICA,Colombia,Colombia,active,https://images.unsplash.com/photo-1516467508483-a7212febe31a?w=800&q=80,[]
HEXAGAN - Bovinos,Producto/insumo pecuario de datos abiertos. Clase: Vacuna. Presentación: Frascos por 20 y 50 dosis.. Especie destino: Bovinos. Fuente: Datos_Abiertos_Animales_de_Pro_20260515.,bovino,Bovinos,1,,,0,total,true,Datos abiertos ICA,Colombia,Colombia,active,https://images.unsplash.com/photo-1516467508483-a7212febe31a?w=800&q=80,[]
HEXAGAN - Ovinos,Producto/insumo pecuario de datos abiertos. Clase: Vacuna. Presentación: Frascos por 20 y 50 dosis.. Especie destino: Ovinos. Fuente: Datos_Abiertos_Animales_de_Pro_20260515.,ovino,Ovinos,1,,,0,total,true,Datos abiertos ICA,Colombia,Colombia,active,https://images.unsplash.com/photo-1516467508483-a7212febe31a?w=800&q=80,[]
VACUNA ESTOMATITIS - Bovinos,"Producto/insumo pecuario de datos abiertos. Clase: Vacuna. Presentación: Frascos po, 20 y 50 dosis.. Especie destino: Bovinos. Fuente: Datos_Abiertos_Animales_de_Pro_20260515.",bovino,Bovinos,1,,,0,total,true,Datos abiertos ICA,Colombia,Colombia,active,https://images.unsplash.com/photo-1516467508483-a7212febe31a?w=800&q=80,[]
CEPA 19 - Bovinos,Producto/insumo pecuario de datos abiertos. Clase: Vacuna. Presentación: Frasco por 5 dosis con su diluyente.. Especie destino: Bovinos. Fuente: Datos_Abiertos_Animales_de_Pro_20260515.,bovino,Bovinos,1,,,0,total,true,Datos abiertos ICA,Colombia,Colombia,active,https://images.unsplash.com/photo-1516467508483-a7212febe31a?w=800&q=80,[]
BLINDAGAN - Bovinos,"Producto/insumo pecuario de datos abiertos. Clase: Vacuna. Presentación: Frascos por 20, 25, 50 y 100 dosis.. Especie destino: Bovinos. Fuente: Datos_Abiertos_Animales_de_Pro_20260515.",bovino,Bovinos,1,,,0,total,true,Datos abiertos ICA,Colombia,Colombia,active,https://images.unsplash.com/photo-1516467508483-a7212febe31a?w=800&q=80,[]
MYCOCERD - Porcinos,Producto/insumo pecuario de datos abiertos. Clase: Vacuna. Presentación: Frascos por 20 y 50 dosis.. Especie destino: Porcinos. Fuente: Datos_Abiertos_Animales_de_Pro_20260515.,porcino,Porcinos,1,,,0,total,true,Datos abiertos ICA,Colombia,Colombia,active,https://images.unsplash.com/photo-1516467508483-a7212febe31a?w=800&q=80,[]
RAYOVACUNA - Bovinos,Producto/insumo pecuario de datos abiertos. Clase: Vacuna. Presentación: Frascos por 25 y 50 dosis.. Especie destino: Bovinos. Fuente: Datos_Abiertos_Animales_de_Pro_20260515.,bovino,Bovinos,1,,,0,total,true,Datos abiertos ICA,Colombia,Colombia,active,https://images.unsplash.com/photo-1516467508483-a7212febe31a?w=800&q=80,[]
RAYOVACUNA - Equinos,Producto/insumo pecuario de datos abiertos. Clase: Vacuna. Presentación: Frascos por 25 y 50 dosis.. Especie destino: Equinos. Fuente: Datos_Abiertos_Animales_de_Pro_20260515.,equino,Equinos,1,,,0,total,true,Datos abiertos ICA,Colombia,Colombia,active,https://images.unsplash.com/photo-1516467508483-a7212febe31a?w=800&q=80,[]
RAYOVACUNA - Ovinos,Producto/insumo pecuario de datos abiertos. Clase: Vacuna. Presentación: Frascos por 25 y 50 dosis.. Especie destino: Ovinos. Fuente: Datos_Abiertos_Animales_de_Pro_20260515.,ovino,Ovinos,1,,,0,total,true,Datos abiertos ICA,Colombia,Colombia,active,https://images.unsplash.com/photo-1516467508483-a7212febe31a?w=800&q=80,[]
RAYOVACUNA - Porcinos,Producto/insumo pecuario de datos abiertos. Clase: Vacuna. Presentación: Frascos por 25 y 50 dosis.. Especie destino: Porcinos. Fuente: Datos_Abiertos_Animales_de_Pro_20260515.,porcino,Porcinos,1,,,0,total,true,Datos abiertos ICA,Colombia,Colombia,active,https://images.unsplash.com/photo-1516467508483-a7212febe31a?w=800&q=80,[]
VACUNA ENCEFALITIS EQUINA - Equinos,Producto/insumo pecuario de datos abiertos. Clase: Vacuna. Presentación: Frasco por 10 dosis.. Especie destino: Equinos. Fuente: Datos_Abiertos_Animales_de_Pro_20260515.,equino,Equinos,1,,,0,total,true,Datos abiertos ICA,Colombia,Colombia,active,https://images.unsplash.com/photo-1516467508483-a7212febe31a?w=800&q=80,[]
RABIGAN - Bovinos,Producto/insumo pecuario de datos abiertos. Clase: Vacuna. Presentación: Frascos por 10 y 50 dosis.. Especie destino: Bovinos. Fuente: Datos_Abiertos_Animales_de_Pro_20260515.,bovino,Bovinos,1,,,0,total,true,Datos abiertos ICA,Colombia,Colombia,active,https://images.unsplash.com/photo-1516467508483-a7212febe31a?w=800&q=80,[]
CEFTIOFUR SODICO - Bovinos,Producto/insumo pecuario de datos abiertos. Clase: Antibióticos. Presentación: Frascos por 1 g y 4 g acompañados por diluyente.. Especie destino: Bovinos. Fuente: Datos_Abiertos_Animales_de_Pro_20260515.,bovino,Bovinos,1,,,0,total,true,Datos abiertos ICA,Colombia,Colombia,active,https://images.unsplash.com/photo-1516467508483-a7212febe31a?w=800&q=80,[]
CEFTIOFUR SODICO - Equinos,Producto/insumo pecuario de datos abiertos. Clase: Antibióticos. Presentación: Frascos por 1 g y 4 g acompañados por diluyente.. Especie destino: Equinos. Fuente: Datos_Abiertos_Animales_de_Pro_20260515.,equino,Equinos,1,,,0,total,true,Datos abiertos ICA,Colombia,Colombia,active,https://images.unsplash.com/photo-1516467508483-a7212febe31a?w=800&q=80,[]
CEFTIOFUR SODICO - Porcinos,Producto/insumo pecuario de datos abiertos. Clase: Antibióticos. Presentación: Frascos por 1 g y 4 g acompañados por diluyente.. Especie destino: Porcinos. Fuente: Datos_Abiertos_Animales_de_Pro_20260515.,porcino,Porcinos,1,,,0,total,true,Datos abiertos ICA,Colombia,Colombia,active,https://images.unsplash.com/photo-1516467508483-a7212febe31a?w=800&q=80,[]
CEFTIOFUR SODICO - Caninos,Producto/insumo pecuario de datos abiertos. Clase: Antibióticos. Presentación: Frascos por 1 g y 4 g acompañados por diluyente.. Especie destino: Caninos. Fuente: Datos_Abiertos_Animales_de_Pro_20260515.,bovino,Caninos,1,,,0,total,true,Datos abiertos ICA,Colombia,Colombia,active,https://images.unsplash.com/photo-1516467508483-a7212febe31a?w=800&q=80,[]
ENROFLOXACINA 10% - Bovinos,"Producto/insumo pecuario de datos abiertos. Clase: Antibióticos. Presentación: Frascos por 50, 100 ml.. Especie destino: Bovinos. Fuente: Datos_Abiertos_Animales_de_Pro_20260515.",bovino,Bovinos,1,,,0,total,true,Datos abiertos ICA,Colombia,Colombia,active,https://images.unsplash.com/photo-1516467508483-a7212febe31a?w=800&q=80,[]
ENROFLOXACINA 10% - Equinos,"Producto/insumo pecuario de datos abiertos. Clase: Antibióticos. Presentación: Frascos por 50, 100 ml.. Especie destino: Equinos. Fuente: Datos_Abiertos_Animales_de_Pro_20260515.",equino,Equinos,1,,,0,total,true,Datos abiertos ICA,Colombia,Colombia,active,https://images.unsplash.com/photo-1516467508483-a7212febe31a?w=800&q=80,[]
ENROFLOXACINA 10% - Porcinos,"Producto/insumo pecuario de datos abiertos. Clase: Antibióticos. Presentación: Frascos por 50, 100 ml.. Especie destino: Porcinos. Fuente: Datos_Abiertos_Animales_de_Pro_20260515.",porcino,Porcinos,1,,,0,total,true,Datos abiertos ICA,Colombia,Colombia,active,https://images.unsplash.com/photo-1516467508483-a7212febe31a?w=800&q=80,[]
ENROFLOXACINA 10% - Caninos,"Producto/insumo pecuario de datos abiertos. Clase: Antibióticos. Presentación: Frascos por 50, 100 ml.. Especie destino: Caninos. Fuente: Datos_Abiertos_Animales_de_Pro_20260515.",bovino,Caninos,1,,,0,total,true,Datos abiertos ICA,Colombia,Colombia,active,https://images.unsplash.com/photo-1516467508483-a7212febe31a?w=800&q=80,[]
ENROFLOXACINA 10% - Ovinos,"Producto/insumo pecuario de datos abiertos. Clase: Antibióticos. Presentación: Frascos por 50, 100 ml.. Especie destino: Ovinos. Fuente: Datos_Abiertos_Animales_de_Pro_20260515.",ovino,Ovinos,1,,,0,total,true,Datos abiertos ICA,Colombia,Colombia,active,https://images.unsplash.com/photo-1516467508483-a7212febe31a?w=800&q=80,[]
ENROFLOXACINA 10% - Felinos,"Producto/insumo pecuario de datos abiertos. Clase: Antibióticos. Presentación: Frascos por 50, 100 ml.. Especie destino: Felinos. Fuente: Datos_Abiertos_Animales_de_Pro_20260515.",bovino,Felinos,1,,,0,total,true,Datos abiertos ICA,Colombia,Colombia,active,https://images.unsplash.com/photo-1516467508483-a7212febe31a?w=800&q=80,[]
LONGICILINA 200 - Bovinos,Producto/insumo pecuario de datos abiertos. Clase: Antibióticos. Presentación: Frascos por 500 ml.. Especie destino: Bovinos. Fuente: Datos_Abiertos_Animales_de_Pro_20260515.,bovino,Bovinos,1,,,0,total,true,Datos abiertos ICA,Colombia,Colombia,active,https://images.unsplash.com/photo-1516467508483-a7212febe31a?w=800&q=80,[]
LONGICILINA 200 - Porcinos,Producto/insumo pecuario de datos abiertos. Clase: Antibióticos. Presentación: Frascos por 500 ml.. Especie destino: Porcinos. Fuente: Datos_Abiertos_Animales_de_Pro_20260515.,porcino,Porcinos,1,,,0,total,true,Datos abiertos ICA,Colombia,Colombia,active,https://images.unsplash.com/photo-1516467508483-a7212febe31a?w=800&q=80,[]
LONGICILINA 200 - Ovinos,Producto/insumo pecuario de datos abiertos. Clase: Antibióticos. Presentación: Frascos por 500 ml.. Especie destino: Ovinos. Fuente: Datos_Abiertos_Animales_de_Pro_20260515.,ovino,Ovinos,1,,,0,total,true,Datos abiertos ICA,Colombia,Colombia,active,https://images.unsplash.com/photo-1516467508483-a7212febe31a?w=800&q=80,[]
LONGICILINA 200 - Caprinos,Producto/insumo pecuario de datos abiertos. Clase: Antibióticos. Presentación: Frascos por 500 ml.. Especie destino: Caprinos. Fuente: Datos_Abiertos_Animales_de_Pro_20260515.,caprino,Caprinos,1,,,0,total,true,Datos abiertos ICA,Colombia,Colombia,active,https://images.unsplash.com/photo-1516467508483-a7212febe31a?w=800&q=80,[]
LONGICILINA 200 - Aves,Producto/insumo pecuario de datos abiertos. Clase: Antibióticos. Presentación: Frascos por 500 ml.. Especie destino: Aves. Fuente: Datos_Abiertos_Animales_de_Pro_20260515.,avicola,Aves,1,,,0,total,true,Datos abiertos ICA,Colombia,Colombia,active,https://images.unsplash.com/photo-1516467508483-a7212febe31a?w=800&q=80,[]
OXITETRACICLINA - Bovinos,Producto/insumo pecuario de datos abiertos. Clase: Antibióticos. Presentación: Frascos por 500 ml.. Especie destino: Bovinos. Fuente: Datos_Abiertos_Animales_de_Pro_20260515.,bovino,Bovinos,1,,,0,total,true,Datos abiertos ICA,Colombia,Colombia,active,https://images.unsplash.com/photo-1516467508483-a7212febe31a?w=800&q=80,[]
OXITETRACICLINA - Equinos,Producto/insumo pecuario de datos abiertos. Clase: Antibióticos. Presentación: Frascos por 500 ml.. Especie destino: Equinos. Fuente: Datos_Abiertos_Animales_de_Pro_20260515.,equino,Equinos,1,,,0,total,true,Datos abiertos ICA,Colombia,Colombia,active,https://images.unsplash.com/photo-1516467508483-a7212febe31a?w=800&q=80,[]
OXITETRACICLINA - Ovinos,Producto/insumo pecuario de datos abiertos. Clase: Antibióticos. Presentación: Frascos por 500 ml.. Especie destino: Ovinos. Fuente: Datos_Abiertos_Animales_de_Pro_20260515.,ovino,Ovinos,1,,,0,total,true,Datos abiertos ICA,Colombia,Colombia,active,https://images.unsplash.com/photo-1516467508483-a7212febe31a?w=800&q=80,[]
OXITETRACICLINA - Porcinos,Producto/insumo pecuario de datos abiertos. Clase: Antibióticos. Presentación: Frascos por 500 ml.. Especie destino: Porcinos. Fuente: Datos_Abiertos_Animales_de_Pro_20260515.,porcino,Porcinos,1,,,0,total,true,Datos abiertos ICA,Colombia,Colombia,active,https://images.unsplash.com/photo-1516467508483-a7212febe31a?w=800&q=80,[]
OXITETRACICLINA - Caninos,Producto/insumo pecuario de datos abiertos. Clase: Antibióticos. Presentación: Frascos por 500 ml.. Especie destino: Caninos. Fuente: Datos_Abiertos_Animales_de_Pro_20260515.,bovino,Caninos,1,,,0,total,true,Datos abiertos ICA,Colombia,Colombia,active,https://images.unsplash.com/photo-1516467508483-a7212febe31a?w=800&q=80,[]
OXITETRACICLINA - Felinos,Producto/insumo pecuario de datos abiertos. Clase: Antibióticos. Presentación: Frascos por 500 ml.. Especie destino: Felinos. Fuente: Datos_Abiertos_Animales_de_Pro_20260515.,bovino,Felinos,1,,,0,total,true,Datos abiertos ICA,Colombia,Colombia,active,https://images.unsplash.com/photo-1516467508483-a7212febe31a?w=800&q=80,[]
OXITETRACICLINA - Aves,Producto/insumo pecuario de datos abiertos. Clase: Antibióticos. Presentación: Frascos por 500 ml.. Especie destino: Aves. Fuente: Datos_Abiertos_Animales_de_Pro_20260515.,avicola,Aves,1,,,0,total,true,Datos abiertos ICA,Colombia,Colombia,active,https://images.unsplash.com/photo-1516467508483-a7212febe31a?w=800&q=80,[]
SULFAMETAZINA - Bovinos,Producto/insumo pecuario de datos abiertos. Clase: Antibióticos. Presentación: Frascos por 250 y 500 ml.. Especie destino: Bovinos. Fuente: Datos_Abiertos_Animales_de_Pro_20260515.,bovino,Bovinos,1,,,0,total,true,Datos abiertos ICA,Colombia,Colombia,active,https://images.unsplash.com/photo-1516467508483-a7212febe31a?w=800&q=80,[]
SULFAMETAZINA - Equinos,Producto/insumo pecuario de datos abiertos. Clase: Antibióticos. Presentación: Frascos por 250 y 500 ml.. Especie destino: Equinos. Fuente: Datos_Abiertos_Animales_de_Pro_20260515.,equino,Equinos,1,,,0,total,true,Datos abiertos ICA,Colombia,Colombia,active,https://images.unsplash.com/photo-1516467508483-a7212febe31a?w=800&q=80,[]
SULFAMETAZINA - Ovinos,Producto/insumo pecuario de datos abiertos. Clase: Antibióticos. Presentación: Frascos por 250 y 500 ml.. Especie destino: Ovinos. Fuente: Datos_Abiertos_Animales_de_Pro_20260515.,ovino,Ovinos,1,,,0,total,true,Datos abiertos ICA,Colombia,Colombia,active,https://images.unsplash.com/photo-1516467508483-a7212febe31a?w=800&q=80,[]
SULFAMETAZINA - Porcinos,Producto/insumo pecuario de datos abiertos. Clase: Antibióticos. Presentación: Frascos por 250 y 500 ml.. Especie destino: Porcinos. Fuente: Datos_Abiertos_Animales_de_Pro_20260515.,porcino,Porcinos,1,,,0,total,true,Datos abiertos ICA,Colombia,Colombia,active,https://images.unsplash.com/photo-1516467508483-a7212febe31a?w=800&q=80,[]
SULFAMETAZINA - Caninos,Producto/insumo pecuario de datos abiertos. Clase: Antibióticos. Presentación: Frascos por 250 y 500 ml.. Especie destino: Caninos. Fuente: Datos_Abiertos_Animales_de_Pro_20260515.,bovino,Caninos,1,,,0,total,true,Datos abiertos ICA,Colombia,Colombia,active,https://images.unsplash.com/photo-1516467508483-a7212febe31a?w=800&q=80,[]
SULFAMETAZINA - Aves,Producto/insumo pecuario de datos abiertos. Clase: Antibióticos. Presentación: Frascos por 250 y 500 ml.. Especie destino: Aves. Fuente: Datos_Abiertos_Animales_de_Pro_20260515.,avicola,Aves,1,,,0,total,true,Datos abiertos ICA,Colombia,Colombia,active,https://images.unsplash.com/photo-1516467508483-a7212febe31a?w=800&q=80,[]
TILOSINA - Bovinos,"Producto/insumo pecuario de datos abiertos. Clase: Antibióticos. Presentación: Frascos por 25, 100 y 250 ml.. Especie destino: Bovinos. Fuente: Datos_Abiertos_Animales_de_Pro_20260515.",bovino,Bovinos,1,,,0,total,true,Datos abiertos ICA,Colombia,Colombia,active,https://images.unsplash.com/photo-1516467508483-a7212febe31a?w=800&q=80,[]
TILOSINA - Porcinos,"Producto/insumo pecuario de datos abiertos. Clase: Antibióticos. Presentación: Frascos por 25, 100 y 250 ml.. Especie destino: Porcinos. Fuente: Datos_Abiertos_Animales_de_Pro_20260515.",porcino,Porcinos,1,,,0,total,true,Datos abiertos ICA,Colombia,Colombia,active,https://images.unsplash.com/photo-1516467508483-a7212febe31a?w=800&q=80,[]
TRIPEN L.A. - Bovinos,"Producto/insumo pecuario de datos abiertos. Clase: Antibióticos. Presentación: Frasco individual de 3'000.000, 6'000.000 y 9'000.000 de U.I. con su diluyente.. Especie destino: Bovinos. Fuente: Datos_Abiertos_Animales_de_Pro_20260515.",bovino,Bovinos,1,,,0,total,true,Datos abiertos ICA,Colombia,Colombia,active,https://images.unsplash.com/photo-1516467508483-a7212febe31a?w=800&q=80,[]
TRIPEN L.A. - Equinos,"Producto/insumo pecuario de datos abiertos. Clase: Antibióticos. Presentación: Frasco individual de 3'000.000, 6'000.000 y 9'000.000 de U.I. con su diluyente.. Especie destino: Equinos. Fuente: Datos_Abiertos_Animales_de_Pro_20260515.",equino,Equinos,1,,,0,total,true,Datos abiertos ICA,Colombia,Colombia,active,https://images.unsplash.com/photo-1516467508483-a7212febe31a?w=800&q=80,[]
TRIPEN L.A. - Ovinos,"Producto/insumo pecuario de datos abiertos. Clase: Antibióticos. Presentación: Frasco individual de 3'000.000, 6'000.000 y 9'000.000 de U.I. con su diluyente.. Especie destino: Ovinos. Fuente: Datos_Abiertos_Animales_de_Pro_20260515.",ovino,Ovinos,1,,,0,total,true,Datos abiertos ICA,Colombia,Colombia,active,https://images.unsplash.com/photo-1516467508483-a7212febe31a?w=800&q=80,[]
TRIPEN L.A. - Caprinos,"Producto/insumo pecuario de datos abiertos. Clase: Antibióticos. Presentación: Frasco individual de 3'000.000, 6'000.000 y 9'000.000 de U.I. con su diluyente.. Especie destino: Caprinos. Fuente: Datos_Abiertos_Animales_de_Pro_20260515.",caprino,Caprinos,1,,,0,total,true,Datos abiertos ICA,Colombia,Colombia,active,https://images.unsplash.com/photo-1516467508483-a7212febe31a?w=800&q=80,[]
TRIPEN L.A. - Porcinos,"Producto/insumo pecuario de datos abiertos. Clase: Antibióticos. Presentación: Frasco individual de 3'000.000, 6'000.000 y 9'000.000 de U.I. con su diluyente.. Especie destino: Porcinos. Fuente: Datos_Abiertos_Animales_de_Pro_20260515.",porcino,Porcinos,1,,,0,total,true,Datos abiertos ICA,Colombia,Colombia,active,https://images.unsplash.com/photo-1516467508483-a7212febe31a?w=800&q=80,[]
TRIPEN L.A. - Caninos,"Producto/insumo pecuario de datos abiertos. Clase: Antibióticos. Presentación: Frasco individual de 3'000.000, 6'000.000 y 9'000.000 de U.I. con su diluyente.. Especie destino: Caninos. Fuente: Datos_Abiertos_Animales_de_Pro_20260515.",bovino,Caninos,1,,,0,total,true,Datos abiertos ICA,Colombia,Colombia,active,https://images.unsplash.com/photo-1516467508483-a7212febe31a?w=800&q=80,[]
TRIPEN L.A. - Felinos,"Producto/insumo pecuario de datos abiertos. Clase: Antibióticos. Presentación: Frasco individual de 3'000.000, 6'000.000 y 9'000.000 de U.I. con su diluyente.. Especie destino: Felinos. Fuente: Datos_Abiertos_Animales_de_Pro_20260515.",bovino,Felinos,1,,,0,total,true,Datos abiertos ICA,Colombia,Colombia,active,https://images.unsplash.com/photo-1516467508483-a7212febe31a?w=800&q=80,[]
ESTREPTOVEC - Bovinos,"Producto/insumo pecuario de datos abiertos. Clase: Antibióticos. Presentación: Frascos por 5,0 g con su diluyente.. Especie destino: Bovinos. Fuente: Datos_Abiertos_Animales_de_Pro_20260515.",bovino,Bovinos,1,,,0,total,true,Datos abiertos ICA,Colombia,Colombia,active,https://images.unsplash.com/photo-1516467508483-a7212febe31a?w=800&q=80,[]
ESTREPTOVEC - Equinos,"Producto/insumo pecuario de datos abiertos. Clase: Antibióticos. Presentación: Frascos por 5,0 g con su diluyente.. Especie destino: Equinos. Fuente: Datos_Abiertos_Animales_de_Pro_20260515.",equino,Equinos,1,,,0,total,true,Datos abiertos ICA,Colombia,Colombia,active,https://images.unsplash.com/photo-1516467508483-a7212febe31a?w=800&q=80,[]
ESTREPTOVEC - Porcinos,"Producto/insumo pecuario de datos abiertos. Clase: Antibióticos. Presentación: Frascos por 5,0 g con su diluyente.. Especie destino: Porcinos. Fuente: Datos_Abiertos_Animales_de_Pro_20260515.",porcino,Porcinos,1,,,0,total,true,Datos abiertos ICA,Colombia,Colombia,active,https://images.unsplash.com/photo-1516467508483-a7212febe31a?w=800&q=80,[]
ESTREPTOVEC - Ovinos,"Producto/insumo pecuario de datos abiertos. Clase: Antibióticos. Presentación: Frascos por 5,0 g con su diluyente.. Especie destino: Ovinos. Fuente: Datos_Abiertos_Animales_de_Pro_20260515.",ovino,Ovinos,1,,,0,total,true,Datos abiertos ICA,Colombia,Colombia,active,https://images.unsplash.com/photo-1516467508483-a7212febe31a?w=800&q=80,[]
ESTREPTOVEC - Caprinos,"Producto/insumo pecuario de datos abiertos. Clase: Antibióticos. Presentación: Frascos por 5,0 g con su diluyente.. Especie destino: Caprinos. Fuente: Datos_Abiertos_Animales_de_Pro_20260515.",caprino,Caprinos,1,,,0,total,true,Datos abiertos ICA,Colombia,Colombia,active,https://images.unsplash.com/photo-1516467508483-a7212febe31a?w=800&q=80,[]
DORAGAN - Bovinos,Producto/insumo pecuario de datos abiertos. Clase: Antiparasitarios. Presentación: Frascos por 500 ml.. Especie destino: Bovinos. Fuente: Datos_Abiertos_Animales_de_Pro_20260515.,bovino,Bovinos,1,,,0,total,true,Datos abiertos ICA,Colombia,Colombia,active,https://images.unsplash.com/photo-1516467508483-a7212febe31a?w=800&q=80,[]
DORAGAN - Ovinos,Producto/insumo pecuario de datos abiertos. Clase: Antiparasitarios. Presentación: Frascos por 500 ml.. Especie destino: Ovinos. Fuente: Datos_Abiertos_Animales_de_Pro_20260515.,ovino,Ovinos,1,,,0,total,true,Datos abiertos ICA,Colombia,Colombia,active,https://images.unsplash.com/photo-1516467508483-a7212febe31a?w=800&q=80,[]
DORAGAN - Porcinos,Producto/insumo pecuario de datos abiertos. Clase: Antiparasitarios. Presentación: Frascos por 500 ml.. Especie destino: Porcinos. Fuente: Datos_Abiertos_Animales_de_Pro_20260515.,porcino,Porcinos,1,,,0,total,true,Datos abiertos ICA,Colombia,Colombia,active,https://images.unsplash.com/photo-1516467508483-a7212febe31a?w=800&q=80,[]
FENBENDAZOL 25% - Bovinos,"Producto/insumo pecuario de datos abiertos. Clase: Antiparasitarios. Presentación: Frascos por 120 y 500 ml, garrafas por 2000 ml, jeringas por 12 ml.. Especie destino: Bovinos. Fuente: Datos_Abiertos_Animales_de_Pro_20260515.",bovino,Bovinos,1,,,0,total,true,Datos abiertos ICA,Colombia,Colombia,active,https://images.unsplash.com/photo-1516467508483-a7212febe31a?w=800&q=80,[]
FENBENDAZOL 25% - Ovinos,"Producto/insumo pecuario de datos abiertos. Clase: Antiparasitarios. Presentación: Frascos por 120 y 500 ml, garrafas por 2000 ml, jeringas por 12 ml.. Especie destino: Ovinos. Fuente: Datos_Abiertos_Animales_de_Pro_20260515.",ovino,Ovinos,1,,,0,total,true,Datos abiertos ICA,Colombia,Colombia,active,https://images.unsplash.com/photo-1516467508483-a7212febe31a?w=800&q=80,[]
FENBENDAZOL 25% - Caprinos,"Producto/insumo pecuario de datos abiertos. Clase: Antiparasitarios. Presentación: Frascos por 120 y 500 ml, garrafas por 2000 ml, jeringas por 12 ml.. Especie destino: Caprinos. Fuente: Datos_Abiertos_Animales_de_Pro_20260515.",caprino,Caprinos,1,,,0,total,true,Datos abiertos ICA,Colombia,Colombia,active,https://images.unsplash.com/photo-1516467508483-a7212febe31a?w=800&q=80,[]
FENBENDAZOL 25% - Porcinos,"Producto/insumo pecuario de datos abiertos. Clase: Antiparasitarios. Presentación: Frascos por 120 y 500 ml, garrafas por 2000 ml, jeringas por 12 ml.. Especie destino: Porcinos. Fuente: Datos_Abiertos_Animales_de_Pro_20260515.",porcino,Porcinos,1,,,0,total,true,Datos abiertos ICA,Colombia,Colombia,active,https://images.unsplash.com/photo-1516467508483-a7212febe31a?w=800&q=80,[]
FENBENDAZOL 25% - Caninos,"Producto/insumo pecuario de datos abiertos. Clase: Antiparasitarios. Presentación: Frascos por 120 y 500 ml, garrafas por 2000 ml, jeringas por 12 ml.. Especie destino: Caninos. Fuente: Datos_Abiertos_Animales_de_Pro_20260515.",bovino,Caninos,1,,,0,total,true,Datos abiertos ICA,Colombia,Colombia,active,https://images.unsplash.com/photo-1516467508483-a7212febe31a?w=800&q=80,[]
FENBENDAZOL 25% - Equinos,"Producto/insumo pecuario de datos abiertos. Clase: Antiparasitarios. Presentación: Frascos por 120 y 500 ml, garrafas por 2000 ml, jeringas por 12 ml.. Especie destino: Equinos. Fuente: Datos_Abiertos_Animales_de_Pro_20260515.",equino,Equinos,1,,,0,total,true,Datos abiertos ICA,Colombia,Colombia,active,https://images.unsplash.com/photo-1516467508483-a7212febe31a?w=800&q=80,[]
IVERMECTINA 1% - Bovinos,"Producto/insumo pecuario de datos abiertos. Clase: Antiparasitarios. Presentación: Frascos por 50, 250 y 500 ml.. Especie destino: Bovinos. Fuente: Datos_Abiertos_Animales_de_Pro_20260515.",bovino,Bovinos,1,,,0,total,true,Datos abiertos ICA,Colombia,Colombia,active,https://images.unsplash.com/photo-1516467508483-a7212febe31a?w=800&q=80,[]
IVERMECTINA 1% - Porcinos,"Producto/insumo pecuario de datos abiertos. Clase: Antiparasitarios. Presentación: Frascos por 50, 250 y 500 ml.. Especie destino: Porcinos. Fuente: Datos_Abiertos_Animales_de_Pro_20260515.",porcino,Porcinos,1,,,0,total,true,Datos abiertos ICA,Colombia,Colombia,active,https://images.unsplash.com/photo-1516467508483-a7212febe31a?w=800&q=80,[]
IVERMECTINA 3.15% - Bovinos,"Producto/insumo pecuario de datos abiertos. Clase: Antiparasitarios. Presentación: Frascos por 50, 250, 500 y 1000 ml.. Especie destino: Bovinos. Fuente: Datos_Abiertos_Animales_de_Pro_20260515.",bovino,Bovinos,1,,,0,total,true,Datos abiertos ICA,Colombia,Colombia,active,https://images.unsplash.com/photo-1516467508483-a7212febe31a?w=800&q=80,[]
IVERQUINOS - Equinos,"Producto/insumo pecuario de datos abiertos. Clase: Antiparasitarios. Presentación: Jeringa plástica por 6,42 g.. Especie destino: Equinos. Fuente: Datos_Abiertos_Animales_de_Pro_20260515.",equino,Equinos,1,,,0,total,true,Datos abiertos ICA,Colombia,Colombia,active,https://images.unsplash.com/photo-1516467508483-a7212febe31a?w=800&q=80,[]
LOMBIFAR - Bovinos,"Producto/insumo pecuario de datos abiertos. Clase: Antiparasitarios. Presentación: Frascos por 120, 500, 1000, 2000 ml.. Especie destino: Bovinos. Fuente: Datos_Abiertos_Animales_de_Pro_20260515.",bovino,Bovinos,1,,,0,total,true,Datos abiertos ICA,Colombia,Colombia,active,https://images.unsplash.com/photo-1516467508483-a7212febe31a?w=800&q=80,[]
LOMBIFAR - Ovinos,"Producto/insumo pecuario de datos abiertos. Clase: Antiparasitarios. Presentación: Frascos por 120, 500, 1000, 2000 ml.. Especie destino: Ovinos. Fuente: Datos_Abiertos_Animales_de_Pro_20260515.",ovino,Ovinos,1,,,0,total,true,Datos abiertos ICA,Colombia,Colombia,active,https://images.unsplash.com/photo-1516467508483-a7212febe31a?w=800&q=80,[]
LOMBIFAR - Caprinos,"Producto/insumo pecuario de datos abiertos. Clase: Antiparasitarios. Presentación: rascos por 120, 500, 1000, 2000 ml.. Especie destino: Caprinos. Fuente: Datos_Abiertos_Animales_de_Pro_20260515.",caprino,Caprinos,1,,,0,total,true,Datos abiertos ICA,Colombia,Colombia,active,https://images.unsplash.com/photo-1516467508483-a7212febe31a?w=800&q=80,[]
TRATORIL - Bovinos,"Producto/insumo pecuario de datos abiertos. Clase: Antiparasitarios. Presentación: Frascos por 120, 240, 500 y 1000 ml.. Especie destino: Bovinos. Fuente: Datos_Abiertos_Animales_de_Pro_20260515.",bovino,Bovinos,1,,,0,total,true,Datos abiertos ICA,Colombia,Colombia,active,https://images.unsplash.com/photo-1516467508483-a7212febe31a?w=800&q=80,[]
TRATORIL - Porcinos,"Producto/insumo pecuario de datos abiertos. Clase: Antiparasitarios. Presentación: Frascos por 120, 240, 500 y 1000 ml.. Especie destino: Porcinos. Fuente: Datos_Abiertos_Animales_de_Pro_20260515.",porcino,Porcinos,1,,,0,total,true,Datos abiertos ICA,Colombia,Colombia,active,https://images.unsplash.com/photo-1516467508483-a7212febe31a?w=800&q=80,[]
TRATORIL - Caninos,"Producto/insumo pecuario de datos abiertos. Clase: Antiparasitarios. Presentación: Frascos por 120, 240, 500 y 1000 ml.. Especie destino: Caninos. Fuente: Datos_Abiertos_Animales_de_Pro_20260515.",bovino,Caninos,1,,,0,total,true,Datos abiertos ICA,Colombia,Colombia,active,https://images.unsplash.com/photo-1516467508483-a7212febe31a?w=800&q=80,[]
TRATORIL - Felinos,"Producto/insumo pecuario de datos abiertos. Clase: Antiparasitarios. Presentación: Frascos por 120, 240, 500 y 1000 ml.. Especie destino: Felinos. Fuente: Datos_Abiertos_Animales_de_Pro_20260515.",bovino,Felinos,1,,,0,total,true,Datos abiertos ICA,Colombia,Colombia,active,https://images.unsplash.com/photo-1516467508483-a7212febe31a?w=800&q=80,[]
BOLDENONA - Bovinos,Producto/insumo pecuario de datos abiertos. Clase: Hormonales. Presentación: Frascos por 250 ml.. Especie destino: Bovinos. Fuente: Datos_Abiertos_Animales_de_Pro_20260515.,bovino,Bovinos,1,,,0,total,true,Datos abiertos ICA,Colombia,Colombia,active,https://images.unsplash.com/photo-1516467508483-a7212febe31a?w=800&q=80,[]
BOLDENONA - Equinos,Producto/insumo pecuario de datos abiertos. Clase: Hormonales. Presentación: Frascos por 250 ml.. Especie destino: Equinos. Fuente: Datos_Abiertos_Animales_de_Pro_20260515.,equino,Equinos,1,,,0,total,true,Datos abiertos ICA,Colombia,Colombia,active,https://images.unsplash.com/photo-1516467508483-a7212febe31a?w=800&q=80,[]
BOLDENONA - Porcinos,Producto/insumo pecuario de datos abiertos. Clase: Hormonales. Presentación: Frascos por 250 ml.. Especie destino: Porcinos. Fuente: Datos_Abiertos_Animales_de_Pro_20260515.,porcino,Porcinos,1,,,0,total,true,Datos abiertos ICA,Colombia,Colombia,active,https://images.unsplash.com/photo-1516467508483-a7212febe31a?w=800&q=80,[]
BOLDENONA - Caninos,Producto/insumo pecuario de datos abiertos. Clase: Hormonales. Presentación: Frascos por 250 ml.. Especie destino: Caninos. Fuente: Datos_Abiertos_Animales_de_Pro_20260515.,bovino,Caninos,1,,,0,total,true,Datos abiertos ICA,Colombia,Colombia,active,https://images.unsplash.com/photo-1516467508483-a7212febe31a?w=800&q=80,[]
GESTAVEC 25 - Bovinos,Producto/insumo pecuario de datos abiertos. Clase: Hormonales. Presentación: Frascos por 10 ml.. Especie destino: Bovinos. Fuente: Datos_Abiertos_Animales_de_Pro_20260515.,bovino,Bovinos,1,,,0,total,true,Datos abiertos ICA,Colombia,Colombia,active,https://images.unsplash.com/photo-1516467508483-a7212febe31a?w=800&q=80,[]
GESTAVEC 25 - Equinos,Producto/insumo pecuario de datos abiertos. Clase: Hormonales. Presentación: Frascos por 10 ml.. Especie destino: Equinos. Fuente: Datos_Abiertos_Animales_de_Pro_20260515.,equino,Equinos,1,,,0,total,true,Datos abiertos ICA,Colombia,Colombia,active,https://images.unsplash.com/photo-1516467508483-a7212febe31a?w=800&q=80,[]
GESTAVEC 25 - Porcinos,Producto/insumo pecuario de datos abiertos. Clase: Hormonales. Presentación: Frascos por 10 ml.. Especie destino: Porcinos. Fuente: Datos_Abiertos_Animales_de_Pro_20260515.,porcino,Porcinos,1,,,0,total,true,Datos abiertos ICA,Colombia,Colombia,active,https://images.unsplash.com/photo-1516467508483-a7212febe31a?w=800&q=80,[]
GESTAVEC 25 - Ovinos,Producto/insumo pecuario de datos abiertos. Clase: Hormonales. Presentación: Frascos por 10 ml.. Especie destino: Ovinos. Fuente: Datos_Abiertos_Animales_de_Pro_20260515.,ovino,Ovinos,1,,,0,total,true,Datos abiertos ICA,Colombia,Colombia,active,https://images.unsplash.com/photo-1516467508483-a7212febe31a?w=800&q=80,[]
GESTAVEC 25 - Caninos,Producto/insumo pecuario de datos abiertos. Clase: Hormonales. Presentación: Frascos por 10 ml.. Especie destino: Caninos. Fuente: Datos_Abiertos_Animales_de_Pro_20260515.,bovino,Caninos,1,,,0,total,true,Datos abiertos ICA,Colombia,Colombia,active,https://images.unsplash.com/photo-1516467508483-a7212febe31a?w=800&q=80,[]
GESTAVEC 25 - Felinos,Producto/insumo pecuario de datos abiertos. Clase: Hormonales. Presentación: Frascos por 10 ml.. Especie destino: Felinos. Fuente: Datos_Abiertos_Animales_de_Pro_20260515.,bovino,Felinos,1,,,0,total,true,Datos abiertos ICA,Colombia,Colombia,active,https://images.unsplash.com/photo-1516467508483-a7212febe31a?w=800&q=80,[]
OXITOCINA SINTETICA - Bovinos,Producto/insumo pecuario de datos abiertos. Clase: Hormonales. Presentación: Frascos por 10 ml.. Especie destino: Bovinos. Fuente: Datos_Abiertos_Animales_de_Pro_20260515.,bovino,Bovinos,1,,,0,total,true,Datos abiertos ICA,Colombia,Colombia,active,https://images.unsplash.com/photo-1516467508483-a7212febe31a?w=800&q=80,[]
OXITOCINA SINTETICA - Equinos,Producto/insumo pecuario de datos abiertos. Clase: Hormonales. Presentación: Frascos por 10 ml.. Especie destino: Equinos. Fuente: Datos_Abiertos_Animales_de_Pro_20260515.,equino,Equinos,1,,,0,total,true,Datos abiertos ICA,Colombia,Colombia,active,https://images.unsplash.com/photo-1516467508483-a7212febe31a?w=800&q=80,[]
OXITOCINA SINTETICA - Porcinos,Producto/insumo pecuario de datos abiertos. Clase: Hormonales. Presentación: Frascos por 10 ml.. Especie destino: Porcinos. Fuente: Datos_Abiertos_Animales_de_Pro_20260515.,porcino,Porcinos,1,,,0,total,true,Datos abiertos ICA,Colombia,Colombia,active,https://images.unsplash.com/photo-1516467508483-a7212febe31a?w=800&q=80,[]
OXITOCINA SINTETICA - Caninos,Producto/insumo pecuario de datos abiertos. Clase: Hormonales. Presentación: Frascos por 10 ml.. Especie destino: Caninos. Fuente: Datos_Abiertos_Animales_de_Pro_20260515.,bovino,Caninos,1,,,0,total,true,Datos abiertos ICA,Colombia,Colombia,active,https://images.unsplash.com/photo-1516467508483-a7212febe31a?w=800&q=80,[]
OXITOCINA SINTETICA - Felinos,Producto/insumo pecuario de datos abiertos. Clase: Hormonales. Presentación: Frascos por 10 ml.. Especie destino: Felinos. Fuente: Datos_Abiertos_Animales_de_Pro_20260515.,bovino,Felinos,1,,,0,total,true,Datos abiertos ICA,Colombia,Colombia,active,https://images.unsplash.com/photo-1516467508483-a7212febe31a?w=800&q=80,[]
HEMOVEC NF - Bovinos,Producto/insumo pecuario de datos abiertos. Clase: Vitaminas. Presentación: Frascos por 250 ml y 500 ml.. Especie destino: Bovinos. Fuente: Datos_Abiertos_Animales_de_Pro_20260515.,bovino,Bovinos,1,,,0,total,true,Datos abiertos ICA,Colombia,Colombia,active,https://images.unsplash.com/photo-1516467508483-a7212febe31a?w=800&q=80,[]
HEMOVEC NF - Equinos,Producto/insumo pecuario de datos abiertos. Clase: Vitaminas. Presentación: Frascos por 250 ml y 500 ml.. Especie destino: Equinos. Fuente: Datos_Abiertos_Animales_de_Pro_20260515.,equino,Equinos,1,,,0,total,true,Datos abiertos ICA,Colombia,Colombia,active,https://images.unsplash.com/photo-1516467508483-a7212febe31a?w=800&q=80,[]
HEMOVEC NF - Ovinos,Producto/insumo pecuario de datos abiertos. Clase: Vitaminas. Presentación: Frascos por 250 ml y 500 ml.. Especie destino: Ovinos. Fuente: Datos_Abiertos_Animales_de_Pro_20260515.,ovino,Ovinos,1,,,0,total,true,Datos abiertos ICA,Colombia,Colombia,active,https://images.unsplash.com/photo-1516467508483-a7212febe31a?w=800&q=80,[]
HEMOVEC NF - Porcinos,Producto/insumo pecuario de datos abiertos. Clase: Vitaminas. Presentación: Frascos por 250 ml y 500 ml.. Especie destino: Porcinos. Fuente: Datos_Abiertos_Animales_de_Pro_20260515.,porcino,Porcinos,1,,,0,total,true,Datos abiertos ICA,Colombia,Colombia,active,https://images.unsplash.com/photo-1516467508483-a7212febe31a?w=800&q=80,[]
HEMOVEC NF - Caninos,Producto/insumo pecuario de datos abiertos. Clase: Vitaminas. Presentación: Frascos por 250 ml y 500 ml.. Especie destino: Caninos. Fuente: Datos_Abiertos_Animales_de_Pro_20260515.,bovino,Caninos,1,,,0,total,true,Datos abiertos ICA,Colombia,Colombia,active,https://images.unsplash.com/photo-1516467508483-a7212febe31a?w=800&q=80,[]
TRIVEC - Bovinos,Producto/insumo pecuario de datos abiertos. Clase: Vitaminas. Presentación: Frascos por 250 ml y 500 ml.. Especie destino: Bovinos. Fuente: Datos_Abiertos_Animales_de_Pro_20260515.,bovino,Bovinos,1,,,0,total,true,Datos abiertos ICA,Colombia,Colombia,active,https://images.unsplash.com/photo-1516467508483-a7212febe31a?w=800&q=80,[]
TRIVEC - Ovinos,Producto/insumo pecuario de datos abiertos. Clase: Vitaminas. Presentación: Frascos por 250 ml y 500 ml.. Especie destino: Ovinos. Fuente: Datos_Abiertos_Animales_de_Pro_20260515.,ovino,Ovinos,1,,,0,total,true,Datos abiertos ICA,Colombia,Colombia,active,https://images.unsplash.com/photo-1516467508483-a7212febe31a?w=800&q=80,[]
TRIVEC - Caprinos,Producto/insumo pecuario de datos abiertos. Clase: Vitaminas. Presentación: Frascos por 250 ml y 500 ml.. Especie destino: Caprinos. Fuente: Datos_Abiertos_Animales_de_Pro_20260515.,caprino,Caprinos,1,,,0,total,true,Datos abiertos ICA,Colombia,Colombia,active,https://images.unsplash.com/photo-1516467508483-a7212febe31a?w=800&q=80,[]
VITAMINA K - Bovinos,"Producto/insumo pecuario de datos abiertos. Clase: Vitaminas. Presentación: Frascos por 10, 50 ml. Especie destino: Bovinos. Fuente: Datos_Abiertos_Animales_de_Pro_20260515.",bovino,Bovinos,1,,,0,total,true,Datos abiertos ICA,Colombia,Colombia,active,https://images.unsplash.com/photo-1516467508483-a7212febe31a?w=800&q=80,[]
VITAMINA K - Equinos,"Producto/insumo pecuario de datos abiertos. Clase: Vitaminas. Presentación: Frascos por 10, 50 ml. Especie destino: Equinos. Fuente: Datos_Abiertos_Animales_de_Pro_20260515.",equino,Equinos,1,,,0,total,true,Datos abiertos ICA,Colombia,Colombia,active,https://images.unsplash.com/photo-1516467508483-a7212febe31a?w=800&q=80,[]
VITAMINA K - Porcinos,"Producto/insumo pecuario de datos abiertos. Clase: Vitaminas. Presentación: Frascos por 10, 50 ml. Especie destino: Porcinos. Fuente: Datos_Abiertos_Animales_de_Pro_20260515.",porcino,Porcinos,1,,,0,total,true,Datos abiertos ICA,Colombia,Colombia,active,https://images.unsplash.com/photo-1516467508483-a7212febe31a?w=800&q=80,[]
VITAMINA K - Caninos,"Producto/insumo pecuario de datos abiertos. Clase: Vitaminas. Presentación: Frascos por 10, 50 ml. Especie destino: Caninos. Fuente: Datos_Abiertos_Animales_de_Pro_20260515.",bovino,Caninos,1,,,0,total,true,Datos abiertos ICA,Colombia,Colombia,active,https://images.unsplash.com/photo-1516467508483-a7212febe31a?w=800&q=80,[]
VITAMINA K - Felinos,"Producto/insumo pecuario de datos abiertos. Clase: Vitaminas. Presentación: Frascos por 10, 50 ml. Especie destino: Felinos. Fuente: Datos_Abiertos_Animales_de_Pro_20260515.",bovino,Felinos,1,,,0,total,true,Datos abiertos ICA,Colombia,Colombia,active,https://images.unsplash.com/photo-1516467508483-a7212febe31a?w=800&q=80,[]
CALMADEX NF - Bovinos,Producto/insumo pecuario de datos abiertos. Clase: Multivitamínicos Y Minerales. Presentación: Frascos por 500 ml.. Especie destino: Bovinos. Fuente: Datos_Abiertos_Animales_de_Pro_20260515.,bovino,Bovinos,1,,,0,total,true,Datos abiertos ICA,Colombia,Colombia,active,https://images.unsplash.com/photo-1516467508483-a7212febe31a?w=800&q=80,[]
CALMADEX NF - Equinos,Producto/insumo pecuario de datos abiertos. Clase: Multivitamínicos Y Minerales. Presentación: Frascos por 500 ml.. Especie destino: Equinos. Fuente: Datos_Abiertos_Animales_de_Pro_20260515.,equino,Equinos,1,,,0,total,true,Datos abiertos ICA,Colombia,Colombia,active,https://images.unsplash.com/photo-1516467508483-a7212febe31a?w=800&q=80,[]
CALMADEX NF - Porcinos,Producto/insumo pecuario de datos abiertos. Clase: Multivitamínicos Y Minerales. Presentación: Frascos por 500 ml.. Especie destino: Porcinos. Fuente: Datos_Abiertos_Animales_de_Pro_20260515.,porcino,Porcinos,1,,,0,total,true,Datos abiertos ICA,Colombia,Colombia,active,https://images.unsplash.com/photo-1516467508483-a7212febe31a?w=800&q=80,[]
CALMADEX NF - Ovinos,Producto/insumo pecuario de datos abiertos. Clase: Multivitamínicos Y Minerales. Presentación: Frascos por 500 ml.. Especie destino: Ovinos. Fuente: Datos_Abiertos_Animales_de_Pro_20260515.,ovino,Ovinos,1,,,0,total,true,Datos abiertos ICA,Colombia,Colombia,active,https://images.unsplash.com/photo-1516467508483-a7212febe31a?w=800&q=80,[]
CALMADEX NF - Caprinos,Producto/insumo pecuario de datos abiertos. Clase: Multivitamínicos Y Minerales. Presentación: Frascos por 500 ml.. Especie destino: Caprinos. Fuente: Datos_Abiertos_Animales_de_Pro_20260515.,caprino,Caprinos,1,,,0,total,true,Datos abiertos ICA,Colombia,Colombia,active,https://images.unsplash.com/photo-1516467508483-a7212febe31a?w=800&q=80,[]
GLUCONATO CALCIO - Bovinos,Producto/insumo pecuario de datos abiertos. Clase: Multivitamínicos Y Minerales. Presentación: Frascos por 250 ml y 500 ml.. Especie destino: Bovinos. Fuente: Datos_Abiertos_Animales_de_Pro_20260515.,bovino,Bovinos,1,,,0,total,true,Datos abiertos ICA,Colombia,Colombia,active,https://images.unsplash.com/photo-1516467508483-a7212febe31a?w=800&q=80,[]
GLUCONATO CALCIO - Equinos,Producto/insumo pecuario de datos abiertos. Clase: Multivitamínicos Y Minerales. Presentación: Frascos por 250 ml y 500 ml.. Especie destino: Equinos. Fuente: Datos_Abiertos_Animales_de_Pro_20260515.,equino,Equinos,1,,,0,total,true,Datos abiertos ICA,Colombia,Colombia,active,https://images.unsplash.com/photo-1516467508483-a7212febe31a?w=800&q=80,[]
GLUCONATO CALCIO - Ovinos,Producto/insumo pecuario de datos abiertos. Clase: Multivitamínicos Y Minerales. Presentación: Frascos por 250 ml y 500 ml.. Especie destino: Ovinos. Fuente: Datos_Abiertos_Animales_de_Pro_20260515.,ovino,Ovinos,1,,,0,total,true,Datos abiertos ICA,Colombia,Colombia,active,https://images.unsplash.com/photo-1516467508483-a7212febe31a?w=800&q=80,[]
GLUCONATO CALCIO - Porcinos,Producto/insumo pecuario de datos abiertos. Clase: Multivitamínicos Y Minerales. Presentación: Frascos por 250 ml y 500 ml.. Especie destino: Porcinos. Fuente: Datos_Abiertos_Animales_de_Pro_20260515.,porcino,Porcinos,1,,,0,total,true,Datos abiertos ICA,Colombia,Colombia,active,https://images.unsplash.com/photo-1516467508483-a7212febe31a?w=800&q=80,[]
GLUCONATO CALCIO - Caninos,Producto/insumo pecuario de datos abiertos. Clase: Multivitamínicos Y Minerales. Presentación: Frascos por 250 ml y 500 ml.. Especie destino: Caninos. Fuente: Datos_Abiertos_Animales_de_Pro_20260515.,bovino,Caninos,1,,,0,total,true,Datos abiertos ICA,Colombia,Colombia,active,https://images.unsplash.com/photo-1516467508483-a7212febe31a?w=800&q=80,[]
VITARSAN - Bovinos,Producto/insumo pecuario de datos abiertos. Clase: Multivitamínicos Y Minerales. Presentación: Frascos por 500 ml.. Especie destino: Bovinos. Fuente: Datos_Abiertos_Animales_de_Pro_20260515.,bovino,Bovinos,1,,,0,total,true,Datos abiertos ICA,Colombia,Colombia,active,https://images.unsplash.com/photo-1516467508483-a7212febe31a?w=800&q=80,[]
VITARSAN - Equinos,Producto/insumo pecuario de datos abiertos. Clase: Multivitamínicos Y Minerales. Presentación: Frascos por 500 ml.. Especie destino: Equinos. Fuente: Datos_Abiertos_Animales_de_Pro_20260515.,equino,Equinos,1,,,0,total,true,Datos abiertos ICA,Colombia,Colombia,active,https://images.unsplash.com/photo-1516467508483-a7212febe31a?w=800&q=80,[]
VITARSAN - Ovinos,Producto/insumo pecuario de datos abiertos. Clase: Multivitamínicos Y Minerales. Presentación: Frascos por 500 ml.. Especie destino: Ovinos. Fuente: Datos_Abiertos_Animales_de_Pro_20260515.,ovino,Ovinos,1,,,0,total,true,Datos abiertos ICA,Colombia,Colombia,active,https://images.unsplash.com/photo-1516467508483-a7212febe31a?w=800&q=80,[]
VITARSAN - Caprinos,Producto/insumo pecuario de datos abiertos. Clase: Multivitamínicos Y Minerales. Presentación: Frascos por 500 ml.. Especie destino: Caprinos. Fuente: Datos_Abiertos_Animales_de_Pro_20260515.,caprino,Caprinos,1,,,0,total,true,Datos abiertos ICA,Colombia,Colombia,active,https://images.unsplash.com/photo-1516467508483-a7212febe31a?w=800&q=80,[]
VITARSAN - Porcinos,Producto/insumo pecuario de datos abiertos. Clase: Multivitamínicos Y Minerales. Presentación: Frascos por 500 ml.. Especie destino: Porcinos. Fuente: Datos_Abiertos_Animales_de_Pro_20260515.,porcino,Porcinos,1,,,0,total,true,Datos abiertos ICA,Colombia,Colombia,active,https://images.unsplash.com/photo-1516467508483-a7212febe31a?w=800&q=80,[]
VITARSAN - Caninos,Producto/insumo pecuario de datos abiertos. Clase: Multivitamínicos Y Minerales. Presentación: Frascos por 500 ml.. Especie destino: Caninos. Fuente: Datos_Abiertos_Animales_de_Pro_20260515.,bovino,Caninos,1,,,0,total,true,Datos abiertos ICA,Colombia,Colombia,active,https://images.unsplash.com/photo-1516467508483-a7212febe31a?w=800&q=80,[]
VITARSAN - Felinos,Producto/insumo pecuario de datos abiertos. Clase: Multivitamínicos Y Minerales. Presentación: Frascos por 500 ml.. Especie destino: Felinos. Fuente: Datos_Abiertos_Animales_de_Pro_20260515.,bovino,Felinos,1,,,0,total,true,Datos abiertos ICA,Colombia,Colombia,active,https://images.unsplash.com/photo-1516467508483-a7212febe31a?w=800&q=80,[]
DICOGAN - Bovinos,Producto/insumo pecuario de datos abiertos. Clase: Analgésicos-Antipiréticos-Antiinflamatorios. Presentación: Frascos por 10 y 50 ml.. Especie destino: Bovinos. Fuente: Datos_Abiertos_Animales_de_Pro_20260515.,bovino,Bovinos,1,,,0,total,true,Datos abiertos ICA,Colombia,Colombia,active,https://images.unsplash.com/photo-1516467508483-a7212febe31a?w=800&q=80,[]
DICOGAN - Porcinos,Producto/insumo pecuario de datos abiertos. Clase: Analgésicos-Antipiréticos-Antiinflamatorios. Presentación: Frascos por 10 y 50 ml.. Especie destino: Porcinos. Fuente: Datos_Abiertos_Animales_de_Pro_20260515.,porcino,Porcinos,1,,,0,total,true,Datos abiertos ICA,Colombia,Colombia,active,https://images.unsplash.com/photo-1516467508483-a7212febe31a?w=800&q=80,[]
DICOGAN - Equinos,Producto/insumo pecuario de datos abiertos. Clase: Analgésicos-Antipiréticos-Antiinflamatorios. Presentación: Frascos por 10 y 50 ml.. Especie destino: Equinos. Fuente: Datos_Abiertos_Animales_de_Pro_20260515.,equino,Equinos,1,,,0,total,true,Datos abiertos ICA,Colombia,Colombia,active,https://images.unsplash.com/photo-1516467508483-a7212febe31a?w=800&q=80,[]
DICOGAN - Ovinos,Producto/insumo pecuario de datos abiertos. Clase: Analgésicos-Antipiréticos-Antiinflamatorios. Presentación: Frascos por 10 y 50 ml.. Especie destino: Ovinos. Fuente: Datos_Abiertos_Animales_de_Pro_20260515.,ovino,Ovinos,1,,,0,total,true,Datos abiertos ICA,Colombia,Colombia,active,https://images.unsplash.com/photo-1516467508483-a7212febe31a?w=800&q=80,[]
DICOGAN - Caprinos,Producto/insumo pecuario de datos abiertos. Clase: Analgésicos-Antipiréticos-Antiinflamatorios. Presentación: Frascos por 10 y 50 ml.. Especie destino: Caprinos. Fuente: Datos_Abiertos_Animales_de_Pro_20260515.,caprino,Caprinos,1,,,0,total,true,Datos abiertos ICA,Colombia,Colombia,active,https://images.unsplash.com/photo-1516467508483-a7212febe31a?w=800&q=80,[]
VECICLOX - Equinos,Producto/insumo pecuario de datos abiertos. Clase: Analgésicos-Antipiréticos-Antiinflamatorios. Presentación: Frascos por 200 ml.. Especie destino: Equinos. Fuente: Datos_Abiertos_Animales_de_Pro_20260515.,equino,Equinos,1,,,0,total,true,Datos abiertos ICA,Colombia,Colombia,active,https://images.unsplash.com/photo-1516467508483-a7212febe31a?w=800&q=80,[]
DIPIRINA - Bovinos,"Producto/insumo pecuario de datos abiertos. Clase: Analgésicos-Antipiréticos-Antiinflamatorios. Presentación: Frascos por 20, 50, ml.. Especie destino: Bovinos. Fuente: Datos_Abiertos_Animales_de_Pro_20260515.",bovino,Bovinos,1,,,0,total,true,Datos abiertos ICA,Colombia,Colombia,active,https://images.unsplash.com/photo-1516467508483-a7212febe31a?w=800&q=80,[]
DIPIRINA - Porcinos,"Producto/insumo pecuario de datos abiertos. Clase: Analgésicos-Antipiréticos-Antiinflamatorios. Presentación: Frascos por 20, 50 ml.. Especie destino: Porcinos. Fuente: Datos_Abiertos_Animales_de_Pro_20260515.",porcino,Porcinos,1,,,0,total,true,Datos abiertos ICA,Colombia,Colombia,active,https://images.unsplash.com/photo-1516467508483-a7212febe31a?w=800&q=80,[]
DIPIRINA - Equinos,"Producto/insumo pecuario de datos abiertos. Clase: Analgésicos-Antipiréticos-Antiinflamatorios. Presentación: Frascos por 20, 50 ml.. Especie destino: Equinos. Fuente: Datos_Abiertos_Animales_de_Pro_20260515.",equino,Equinos,1,,,0,total,true,Datos abiertos ICA,Colombia,Colombia,active,https://images.unsplash.com/photo-1516467508483-a7212febe31a?w=800&q=80,[]
DIPIRINA - Caninos,"Producto/insumo pecuario de datos abiertos. Clase: Analgésicos-Antipiréticos-Antiinflamatorios. Presentación: Frascos por 20, 50 ml.. Especie destino: Caninos. Fuente: Datos_Abiertos_Animales_de_Pro_20260515.",bovino,Caninos,1,,,0,total,true,Datos abiertos ICA,Colombia,Colombia,active,https://images.unsplash.com/photo-1516467508483-a7212febe31a?w=800&q=80,[]
FLUNIXINA - Bovinos,"Producto/insumo pecuario de datos abiertos. Clase: Analgésicos-Antipiréticos-Antiinflamatorios. Presentación: Frascos por 10, 50 y 100 ml.. Especie destino: Bovinos. Fuente: Datos_Abiertos_Animales_de_Pro_20260515.",bovino,Bovinos,1,,,0,total,true,Datos abiertos ICA,Colombia,Colombia,active,https://images.unsplash.com/photo-1516467508483-a7212febe31a?w=800&q=80,[]
FLUNIXINA - Porcinos,"Producto/insumo pecuario de datos abiertos. Clase: Analgésicos-Antipiréticos-Antiinflamatorios. Presentación: Frascos por 10, 50 y 100 ml.. Especie destino: Porcinos. Fuente: Datos_Abiertos_Animales_de_Pro_20260515.",porcino,Porcinos,1,,,0,total,true,Datos abiertos ICA,Colombia,Colombia,active,https://images.unsplash.com/photo-1516467508483-a7212febe31a?w=800&q=80,[]
FLUNIXINA - Equinos,"Producto/insumo pecuario de datos abiertos. Clase: Analgésicos-Antipiréticos-Antiinflamatorios. Presentación: Frascos por 10, 50 y 100 ml.. Especie destino: Equinos. Fuente: Datos_Abiertos_Animales_de_Pro_20260515.",equino,Equinos,1,,,0,total,true,Datos abiertos ICA,Colombia,Colombia,active,https://images.unsplash.com/photo-1516467508483-a7212febe31a?w=800&q=80,[]
KENOGAN - Bovinos,"Producto/insumo pecuario de datos abiertos. Clase: Analgésicos-Antipiréticos-Antiinflamatorios. Presentación: Frascos por 10, 50 y 100 ml.. Especie destino: Bovinos. Fuente: Datos_Abiertos_Animales_de_Pro_20260515.",bovino,Bovinos,1,,,0,total,true,Datos abiertos ICA,Colombia,Colombia,active,https://images.unsplash.com/photo-1516467508483-a7212febe31a?w=800&q=80,[]
KENOGAN - Porcinos,"Producto/insumo pecuario de datos abiertos. Clase: Analgésicos-Antipiréticos-Antiinflamatorios. Presentación: Frascos por 10, 50 y 100 ml.. Especie destino: Porcinos. Fuente: Datos_Abiertos_Animales_de_Pro_20260515.",porcino,Porcinos,1,,,0,total,true,Datos abiertos ICA,Colombia,Colombia,active,https://images.unsplash.com/photo-1516467508483-a7212febe31a?w=800&q=80,[]
KENOGAN - Equinos,"Producto/insumo pecuario de datos abiertos. Clase: Analgésicos-Antipiréticos-Antiinflamatorios. Presentación: Frascos por 10, 50 y 100 ml.. Especie destino: Equinos. Fuente: Datos_Abiertos_Animales_de_Pro_20260515.",equino,Equinos,1,,,0,total,true,Datos abiertos ICA,Colombia,Colombia,active,https://images.unsplash.com/photo-1516467508483-a7212febe31a?w=800&q=80,[]
KENOGAN - Caninos,"Producto/insumo pecuario de datos abiertos. Clase: Analgésicos-Antipiréticos-Antiinflamatorios. Presentación: Frascos por 10, 50 y 100 ml.. Especie destino: Caninos. Fuente: Datos_Abiertos_Animales_de_Pro_20260515.",bovino,Caninos,1,,,0,total,true,Datos abiertos ICA,Colombia,Colombia,active,https://images.unsplash.com/photo-1516467508483-a7212febe31a?w=800&q=80,[]
KENOGAN - Gatos,"Producto/insumo pecuario de datos abiertos. Clase: Analgésicos-Antipiréticos-Antiinflamatorios. Presentación: Frascos por 10, 50 y 100 ml.. Especie destino: Gatos. Fuente: Datos_Abiertos_Animales_de_Pro_20260515.",bovino,Gatos,1,,,0,total,true,Datos abiertos ICA,Colombia,Colombia,active,https://images.unsplash.com/photo-1516467508483-a7212febe31a?w=800&q=80,[]
AFLOVET - Bovinos,Producto/insumo pecuario de datos abiertos. Clase: Otros. Presentación: Envase plástico por 400 g.. Especie destino: Bovinos. Fuente: Datos_Abiertos_Animales_de_Pro_20260515.,bovino,Bovinos,1,,,0,total,true,Datos abiertos ICA,Colombia,Colombia,active,https://images.unsplash.com/photo-1516467508483-a7212febe31a?w=800&q=80,[]
AFLOVET - Equinos,Producto/insumo pecuario de datos abiertos. Clase: Otros. Presentación: Envase plástico por 400 g.. Especie destino: Equinos. Fuente: Datos_Abiertos_Animales_de_Pro_20260515.,equino,Equinos,1,,,0,total,true,Datos abiertos ICA,Colombia,Colombia,active,https://images.unsplash.com/photo-1516467508483-a7212febe31a?w=800&q=80,[]
AFLOVET - Porcinos,Producto/insumo pecuario de datos abiertos. Clase: Otros. Presentación: Envase plástico por 400 g.. Especie destino: Porcinos. Fuente: Datos_Abiertos_Animales_de_Pro_20260515.,porcino,Porcinos,1,,,0,total,true,Datos abiertos ICA,Colombia,Colombia,active,https://images.unsplash.com/photo-1516467508483-a7212febe31a?w=800&q=80,[]
AFLOVET - Ovinos,Producto/insumo pecuario de datos abiertos. Clase: Otros. Presentación: Envase plástico por 400 g.. Especie destino: Ovinos. Fuente: Datos_Abiertos_Animales_de_Pro_20260515.,ovino,Ovinos,1,,,0,total,true,Datos abiertos ICA,Colombia,Colombia,active,https://images.unsplash.com/photo-1516467508483-a7212febe31a?w=800&q=80,[]
AFLOVET - Caprinos,Producto/insumo pecuario de datos abiertos. Clase: Otros. Presentación: Envase plástico por 400 g.. Especie destino: Caprinos. Fuente: Datos_Abiertos_Animales_de_Pro_20260515.,caprino,Caprinos,1,,,0,total,true,Datos abiertos ICA,Colombia,Colombia,active,https://images.unsplash.com/photo-1516467508483-a7212febe31a?w=800&q=80,[]
ALERVEC - Bovinos,Producto/insumo pecuario de datos abiertos. Clase: Otros. Presentación: Frascos por 10 y 50 ml.. Especie destino: Bovinos. Fuente: Datos_Abiertos_Animales_de_Pro_20260515.,bovino,Bovinos,1,,,0,total,true,Datos abiertos ICA,Colombia,Colombia,active,https://images.unsplash.com/photo-1516467508483-a7212febe31a?w=800&q=80,[]
ALERVEC - Equinos,Producto/insumo pecuario de datos abiertos. Clase: Otros. Presentación: Frascos por 10 y 50 ml.. Especie destino: Equinos. Fuente: Datos_Abiertos_Animales_de_Pro_20260515.,equino,Equinos,1,,,0,total,true,Datos abiertos ICA,Colombia,Colombia,active,https://images.unsplash.com/photo-1516467508483-a7212febe31a?w=800&q=80,[]
ALERVEC - Caninos,Producto/insumo pecuario de datos abiertos. Clase: Otros. Presentación: Frascos por 10 y 50 ml.. Especie destino: Caninos. Fuente: Datos_Abiertos_Animales_de_Pro_20260515.,bovino,Caninos,1,,,0,total,true,Datos abiertos ICA,Colombia,Colombia,active,https://images.unsplash.com/photo-1516467508483-a7212febe31a?w=800&q=80,[]
ALERVEC - Felinos,Producto/insumo pecuario de datos abiertos. Clase: Otros. Presentación: Frascos por 10 y 50 ml.. Especie destino: Felinos. Fuente: Datos_Abiertos_Animales_de_Pro_20260515.,bovino,Felinos,1,,,0,total,true,Datos abiertos ICA,Colombia,Colombia,active,https://images.unsplash.com/photo-1516467508483-a7212febe31a?w=800&q=80,[]
SULFALLIDOL - Bovinos,"Producto/insumo pecuario de datos abiertos. Clase: Otros. Presentación: Envase plástico por 100, g.. Especie destino: Bovinos. Fuente: Datos_Abiertos_Animales_de_Pro_20260515.",bovino,Bovinos,1,,,0,total,true,Datos abiertos ICA,Colombia,Colombia,active,https://images.unsplash.com/photo-1516467508483-a7212febe31a?w=800&q=80,[]
SULFALLIDOL - Equinos,"Producto/insumo pecuario de datos abiertos. Clase: Otros. Presentación: Envase plástico por 100, g.. Especie destino: Equinos. Fuente: Datos_Abiertos_Animales_de_Pro_20260515.",equino,Equinos,1,,,0,total,true,Datos abiertos ICA,Colombia,Colombia,active,https://images.unsplash.com/photo-1516467508483-a7212febe31a?w=800&q=80,[]
SULFALLIDOL - Porcinos,"Producto/insumo pecuario de datos abiertos. Clase: Otros. Presentación: Envase plástico por 100, g.. Especie destino: Porcinos. Fuente: Datos_Abiertos_Animales_de_Pro_20260515.",porcino,Porcinos,1,,,0,total,true,Datos abiertos ICA,Colombia,Colombia,active,https://images.unsplash.com/photo-1516467508483-a7212febe31a?w=800&q=80,[]
SULFALLIDOL - Ovinos,"Producto/insumo pecuario de datos abiertos. Clase: Otros. Presentación: Envase plástico por 100, g.. Especie destino: Ovinos. Fuente: Datos_Abiertos_Animales_de_Pro_20260515.",ovino,Ovinos,1,,,0,total,true,Datos abiertos ICA,Colombia,Colombia,active,https://images.unsplash.com/photo-1516467508483-a7212febe31a?w=800&q=80,[]
SULFALLIDOL - Caprinos,"Producto/insumo pecuario de datos abiertos. Clase: Otros. Presentación: Envase plástico por 100, g.. Especie destino: Caprinos. Fuente: Datos_Abiertos_Animales_de_Pro_20260515.",caprino,Caprinos,1,,,0,total,true,Datos abiertos ICA,Colombia,Colombia,active,https://images.unsplash.com/photo-1516467508483-a7212febe31a?w=800&q=80,[]
SULFALLIDOL - Caninos,"Producto/insumo pecuario de datos abiertos. Clase: Otros. Presentación: Envase plástico por 100, g.. Especie destino: Caninos. Fuente: Datos_Abiertos_Animales_de_Pro_20260515.",bovino,Caninos,1,,,0,total,true,Datos abiertos ICA,Colombia,Colombia,active,https://images.unsplash.com/photo-1516467508483-a7212febe31a?w=800&q=80,[]
RUMITEC - Bovinos,Producto/insumo pecuario de datos abiertos. Clase: Otros. Presentación: Frascos por 120 ml.. Especie destino: Bovinos. Fuente: Datos_Abiertos_Animales_de_Pro_20260515.,bovino,Bovinos,1,,,0,total,true,Datos abiertos ICA,Colombia,Colombia,active,https://images.unsplash.com/photo-1516467508483-a7212febe31a?w=800&q=80,[]
